theme,character,duration
Billy Bunny learns to share his carrots with a hungry squirrel,Billy Bunny,30
Baby and Pup discover a magical rainbow in the backyard,Baby & Pup,30
Billy Bunny is afraid of thunder but finds courage with friends,Billy Bunny,30
Baby and Pup learn to clean up their toys before bedtime,Baby & Pup,15
Billy Bunny helps a lost baby duckling find its way home,Billy Bunny,30
Baby and Pup plant a sunflower seed and watch it grow,Baby & Pup,15
Billy Bunny apologizes after accidentally breaking a friend's sandcastle,Billy Bunny,30
Baby and Pup learn the alphabet by finding letters in nature,Baby & Pup,30
Billy Bunny tries a new food and discovers he loves broccoli,Billy Bunny,15
Baby and Pup share an umbrella during a gentle spring rain,Baby & Pup,15
